{
    "Player": {
        "OBBLocalPos": [
            0.0,
            8.0,
            0.0
        ],
        "OBBScale": [
            1.0,
            3.6500000953674316,
            1.7100000381469727
        ],
        "behaviorDashTime": 10,
        "dashSpeed": 2.359999895095825
    }
}
